Project Size,Team Members,Equipment Count,Material Cost,Com,,Budget
1000,8,3,35000,2,,650000
1500,10,5,50000,3,,890000
2000,15,8,75000,4,,1200000
2500,18,10,95000,4,,1450000
3000,25,12,120000,5,,1800000
800,6,2,28000,1,,480000
1200,9,4,42000,2,,720000
1800,13,7,68000,3,,1050000
2200,16,9,85000,4,,1320000
2800,22,11,110000,5,,1650000
900,7,3,32000,2,,580000
1400,11,5,55000,3,,950000
1900,14,8,72000,4,,1150000
2400,19,10,98000,4,,1500000
2900,24,12,115000,5,,1750000
1100,9,4,40000,2,,700000
1600,12,6,60000,3,,1000000
2100,15,8,80000,4,,1250000
2600,20,11,105000,5,,1550000
3100,26,13,125000,5,,1900000